Unit: incidents / ton pollutant,2024.0,2025.0,2026.0,2027.0,2028.0,2029.0,2030.0,2031.0,2032.0,2033.0,2034.0,2035.0,2036.0,2037.0,2038.0,2039.0,2040.0,2041.0,2042.0,2043.0,2044.0,2045.0,2046.0,2047.0,2048.0,2049.0,2050.0
Premature mortality,0.000806592,0.000816807,0.000827022,0.000837237,0.000847452,0.000867136,0.00088682,0.000899828,0.000912836,0.000925845,0.000938853,0.000951861,0.000962025,0.000972189,0.000982353,0.000992517,0.00100268,0.00100812,0.00101357,0.00101901,0.00102445,0.0010299,0.001031,0.00103211,0.00103321,0.00103432,0.00103542
Infant mortality,2.43861e-06,2.41766e-06,2.39671e-06,2.37576e-06,2.35481e-06,1.5685e-06,7.82178e-07,7.77271e-07,7.72364e-07,7.67457e-07,7.6255e-07,7.57644e-07,7.54564e-07,7.51484e-07,7.48404e-07,7.45324e-07,7.42244e-07,7.38377e-07,7.34509e-07,7.30642e-07,7.26775e-07,7.22908e-07,7.1868e-07,7.14452e-07,7.10224e-07,7.05996e-07,7.01768e-07
Asthma symptoms albuturol use,1.11451,1.126,1.13749,1.14897,1.16046,1.17388,1.18729,1.19707,1.20686,1.21664,1.22642,1.23621,1.24039,1.24457,1.24874,1.25292,1.2571,1.26219,1.26727,1.27236,1.27744,1.28253,1.28814,1.29376,1.29937,1.30498,1.3106
Asthma symptoms chest tightness,0.0,0.0,0.0,0.0,0.0,0.0,0.0,0.0,0.0,0.0,0.0,0.0,0.0,0.0,0.0,0.0,0.0,0.0,0.0,0.0,0.0,0.0,0.0,0.0,0.0,0.0,0.0
Asthma symptoms cough,0.00174683,0.00174683,0.00174683,0.00174683,0.00174683,0.00174683,0.00174683,0.00174683,0.00174683,0.00174683,0.00174683,0.00174683,0.00174683,0.00174683,0.00174683,0.00174683,0.00174683,0.00174683,0.00174683,0.00174683,0.00174683,0.00174683,0.00174683,0.00174683,0.00174683,0.00174683,0.00174683
Asthma symptoms shortness of breath,0.00235231,0.00235231,0.00235231,0.00235231,0.00235231,0.00235231,0.00235231,0.00235231,0.00235231,0.00235231,0.00235231,0.00235231,0.00235231,0.00235231,0.00235231,0.00235231,0.00235231,0.00235231,0.00235231,0.00235231,0.00235231,0.00235231,0.00235231,0.00235231,0.00235231,0.00235231,0.00235231
Asthma symptoms wheeze,0.00359413,0.00359413,0.00359413,0.00359413,0.00359413,0.00359413,0.00359413,0.00359413,0.00359413,0.00359413,0.00359413,0.00359413,0.00359413,0.00359413,0.00359413,0.00359413,0.00359413,0.00359413,0.00359413,0.00359413,0.00359413,0.00359413,0.00359413,0.00359413,0.00359413,0.00359413,0.00359413
Asthma incidence,0.00602974,0.00607001,0.00611027,0.00615054,0.00619081,0.00622708,0.00626336,0.00629384,0.00632433,0.00635481,0.0063853,0.00641578,0.00644446,0.00647313,0.00650181,0.00653049,0.00655916,0.00658691,0.00661466,0.0066424,0.00667015,0.0066979,0.00672326,0.00674862,0.00677398,0.00679934,0.0068247
Hay fever rhinitis incidence,0.0384102,0.0387673,0.0391244,0.0394816,0.0398387,0.0402281,0.0406176,0.0409141,0.0412106,0.0415071,0.0418036,0.0421002,0.042255,0.0424099,0.0425648,0.0427197,0.0428745,0.0430516,0.0432288,0.0434059,0.043583,0.0437601,0.0439449,0.0441297,0.0443145,0.0444993,0.0446841
Respiratory emergency room visits,0.00180572,0.00182308,0.00184045,0.00185782,0.00187519,0.00189314,0.00191109,0.00192796,0.00194482,0.00196169,0.00197855,0.00199541,0.00200969,0.00202396,0.00203824,0.00205251,0.00206678,0.00207906,0.00209133,0.00210361,0.00211588,0.00212815,0.00213963,0.0021511,0.00216258,0.00217405,0.00218553
Respiratory hospital admissions,7.08101e-05,7.12277e-05,7.16453e-05,7.2063e-05,7.24806e-05,7.29359e-05,7.33912e-05,7.38402e-05,7.42892e-05,7.47382e-05,7.51871e-05,7.56361e-05,7.59639e-05,7.62916e-05,7.66193e-05,7.69471e-05,7.72748e-05,7.75875e-05,7.79001e-05,7.82127e-05,7.85254e-05,7.8838e-05,7.91347e-05,7.94313e-05,7.9728e-05,8.00246e-05,8.03212e-05
Non-fatal heart attacks,0.000423695,0.000436133,0.000448572,0.00046101,0.000473448,0.000485178,0.000496909,0.000506348,0.000515787,0.000525226,0.000534666,0.000544105,0.000550234,0.000556363,0.000562492,0.000568621,0.00057475,0.00057795,0.00058115,0.00058435,0.00058755,0.00059075,0.000593165,0.000595581,0.000597997,0.000600412,0.000602828
Minor restricted activity days,0.214285,0.214825,0.215365,0.215906,0.216446,0.217241,0.218036,0.219392,0.220748,0.222103,0.223459,0.224815,0.22667,0.228524,0.230379,0.232234,0.234088,0.235979,0.23787,0.239761,0.241652,0.243543,0.245206,0.246869,0.248532,0.250195,0.251857
Work loss days,0.0361869,0.0363041,0.0364213,0.0365386,0.0366558,0.036809,0.0369622,0.0371863,0.0374104,0.0376345,0.0378586,0.0380827,0.0383636,0.0386446,0.0389256,0.0392066,0.0394876,0.0398015,0.0401155,0.0404295,0.0407435,0.0410575,0.0413394,0.0416214,0.0419033,0.0421852,0.0424671
Lung cancer incidence,0.000168973,0.000172325,0.000175677,0.000179029,0.000182382,0.000185929,0.000189477,0.000193281,0.000197085,0.000200889,0.000204694,0.000208498,0.000211722,0.000214946,0.000218171,0.000221395,0.000224619,0.000226267,0.000227914,0.000229562,0.000231209,0.000232857,0.000233689,0.000234521,0.000235353,0.000236184,0.000237016
Cardiovascular hospital admissions,8.9306e-05,9.20069e-05,9.47079e-05,9.74088e-05,0.00010011,0.000102697,0.000105284,0.000107501,0.000109718,0.000111935,0.000114151,0.000116368,0.000117857,0.000119347,0.000120836,0.000122325,0.000123814,0.000124597,0.00012538,0.000126164,0.000126947,0.00012773,0.000128256,0.000128782,0.000129307,0.000129833,0.000130359
Alzheimers disease hospital admissions,0.00122017,0.0012603,0.00130044,0.00134057,0.0013807,0.00142329,0.00146588,0.00150845,0.00155101,0.00159358,0.00163615,0.00167871,0.00170951,0.0017403,0.00177109,0.00180188,0.00183267,0.0018475,0.00186234,0.00187717,0.001892,0.00190683,0.00191144,0.00191605,0.00192066,0.00192527,0.00192988
Parkinsons disease hospital admissions,0.000157118,0.00016127,0.000165422,0.000169574,0.000173726,0.000177202,0.000180677,0.000182961,0.000185244,0.000187527,0.00018981,0.000192094,0.000193234,0.000194374,0.000195514,0.000196654,0.000197794,0.000198443,0.000199092,0.00019974,0.000200389,0.000201037,0.000201968,0.000202899,0.000203831,0.000204762,0.000205693
Stroke incidence,0.000145798,0.000149691,0.000153584,0.000157477,0.00016137,0.00016459,0.00016781,0.000169799,0.000171788,0.000173777,0.000175766,0.000177755,0.000178711,0.000179667,0.000180623,0.000181578,0.000182534,0.000183042,0.00018355,0.000184057,0.000184565,0.000185073,0.000185954,0.000186835,0.000187716,0.000188597,0.000189479
Out of hospital cardiac arrest incidence,3.4296e-05,3.48117e-05,3.53274e-05,3.58432e-05,3.63589e-05,3.68453e-05,3.73316e-05,3.77159e-05,3.81001e-05,3.84843e-05,3.88686e-05,3.92528e-05,3.95202e-05,3.97877e-05,4.00551e-05,4.03226e-05,4.059e-05,4.08034e-05,4.10167e-05,4.123e-05,4.14433e-05,4.16567e-05,4.18903e-05,4.2124e-05,4.23576e-05,4.25912e-05,4.28249e-05
Cardiac emergency room visits,0.000741538,0.000755269,0.000769,0.000782731,0.000796461,0.000809901,0.000823341,0.000836388,0.000849434,0.00086248,0.000875526,0.000888572,0.000899116,0.000909659,0.000920202,0.000930745,0.000941288,0.000948642,0.000955996,0.000963349,0.000970703,0.000978057,0.000983609,0.000989161,0.000994714,0.00100027,0.00100582
School loss days,0.0,0.0,0.0,0.0,0.0,0.0,0.0,0.0,0.0,0.0,0.0,0.0,0.0,0.0,0.0,0.0,0.0,0.0,0.0,0.0,0.0,0.0,0.0,0.0,0.0,0.0,0.0
,,,,,,,,,,,,,,,,,,,,,,,,,,,
Data for lookup functions (based on sheet name),,,,,,,,,,,,,,,,,,,,,,,,,,,
sector pollutant,Industry NO2,,,,,,,,,,,,,,,,,,,,,,,,,,
